{
	"result": {
		"statusCode": 200,
		"columns": [
			{
				"title": "Ctool Id ",
				"field": "ctoolId",
				"isFixed": true
			},
			{
				"title": "Employee Id ",
				"field": "employeeId",
				"isFixed": true
			},
			{
				"title": "Hire Type",
				"field": "hireTypeNm",
				"isFixed": true
			},
			{
				"title": "Role Action Plan",
				"field": "roleActionPlanNm",
				"isFixed": true
			},
			{
				"title": "Recruitment Status",
				"field": "recuritmentStatusNm",
				"isFixed": true
			},
			{
				"title": "Employment Category",
				"field": "employmentCategory",
				"isFixed": true
			},
			{
				"title": "Employment Sub Category",
				"field": "employmentSubCategory",
				"isFixed": true
			},
			{
				"title": "Country",
				"field": "countryNm",
				"isFixed": true
			},
			{
				"title": "Cost Center",
				"field": "ccNm",
				"isFixed": true
			},
			{
				"title": "Legal Entity",
				"field": "leCd",
				"isFixed": true
			},
			{
				"title": "City",
				"field": "locationNm",
				"isFixed": true
			},
			{
				"title": "Justification For High Cost",
				"field": "justificationForHighCostRoleNm",
				"isFixed": true
			},
			{
				"title": "Approval Status",
				"field": "approvalStatusNm",
				"isFixed": true
			},
			{
				"title": "Approval Channel",
				"field": "approvalChannelNm",
				"isFixed": false
			},
			{
				"title": "EC Termination Date",
				"field": "ecTerminationDate",
				"isFixed": false
			},
			{
				"title": "Outcome For Individual",
				"field": "outcomeForIndividualNm",
				"isFixed": false
			},
			{
				"title": "Contract End Date",
				"field": "contractEndDate",
				"isFixed": false
			},
			{
				"title": "Renewal Flag",
				"field": "renewalFlag",
				"isFixed": false
			}
		],
		"totalCount": 100,
		"data": [
			{
				"ctoolId": 103778515,
				"approvalStatusNm": "Draft",
				"pendingWithUserGroupNm": null,
				"rolePositionId": 28,
				"resourcePositionId": null,
				"recuritmentStatusNm": null,
				"employeeId": null,
				"employeeFullName": null,
				"roleStartDt": "2020-03-26",
				"roleEndDt": "2020-03-31",
				"contractEndDate": null,
				"ecTerminationDate": null,
				"employmentCategory": "Employee(M)",
				"employmentSubCategory": "Salarised (Ms)",
				"countryNm": "United Kingdom",
				"locationNm": "londan",
				"highCostFlg": true,
				"justificationForHighCostRoleNm": "Technology Leadership Proximity",
				"buildingDsc": null,
				"buildingCd": null,
				"bf3LevelNm": "Corporate Function IT",
				"bf4LevelNm": "CF Marketing & comm IT",
				"bf5LevelNm": "CF Marketing & comm IT",
				"ccNm": "CF IT Marketing & comm IT",
				"leCd": "HBEUGBR",
				"hireTypeNm": "Incremental",
				"roleActionPlanNm": "Retain Role",
				"outcomeForIndividualNm": null,
				"managementTeamMemberId": null,
				"managementTeamMemberNm": null,
				"functionalManagerId": 0,
				"entityManagerNm": null,
				"vendorCategoryNm": null,
				"vendorNm": "synechron",
				"contractTypeNm": null,
				"maxDayRateNbr": 0.0,
				"skillDsc": null,
				"jobFamilyNm": null,
				"jobSubFamilyNm": null,
				"jobCategoryNm": null,
				"gradeId": null,
				"equivalentGradeId": null,
				"positionTitleTxt": null,
				"globalJobCd": null,
				"equivalentGlobalJobCd": null,
				"activeRoleFlag": null,
				"renewalFlag": null,
				"approvalChannelNm": null,
				"itcmApprovelRejectReasonNm": null,
				"itcmRemarksTxt": null
			},
			{
				"ctoolId": 103776520,
				"approvalStatusNm": "Draft",
				"pendingWithUserGroupNm": null,
				"rolePositionId": 28,
				"resourcePositionId": null,
				"recuritmentStatusNm": null,
				"employeeId": null,
				"employeeFullName": null,
				"roleStartDt": "2020-03-26",
				"roleEndDt": "2020-03-31",
				"contractEndDate": null,
				"ecTerminationDate": null,
				"employmentCategory": "Employee(M)",
				"employmentSubCategory": "Salarised (Ms)",
				"countryNm": "United Kingdom",
				"locationNm": "londan",
				"highCostFlg": true,
				"justificationForHighCostRoleNm": "Technology Leadership Proximity",
				"buildingDsc": null,
				"buildingCd": null,
				"bf3LevelNm": "Corporate Function IT",
				"bf4LevelNm": "CF Marketing & comm IT",
				"bf5LevelNm": "CF Marketing & comm IT",
				"ccNm": "CF IT Marketing & comm IT",
				"leCd": "HBEUGBR",
				"hireTypeNm": "Incremental",
				"roleActionPlanNm": "Retain Role",
				"outcomeForIndividualNm": null,
				"managementTeamMemberId": null,
				"managementTeamMemberNm": null,
				"functionalManagerId": 0,
				"entityManagerNm": null,
				"vendorCategoryNm": null,
				"vendorNm": "synechron",
				"contractTypeNm": null,
				"maxDayRateNbr": 0.0,
				"skillDsc": null,
				"jobFamilyNm": null,
				"jobSubFamilyNm": null,
				"jobCategoryNm": null,
				"gradeId": null,
				"equivalentGradeId": null,
				"positionTitleTxt": null,
				"globalJobCd": null,
				"equivalentGlobalJobCd": null,
				"activeRoleFlag": null,
				"renewalFlag": null,
				"approvalChannelNm": null,
				"itcmApprovelRejectReasonNm": null,
				"itcmRemarksTxt": null
			},
			{
				"ctoolId": 103778500,
				"approvalStatusNm": "Draft",
				"pendingWithUserGroupNm": null,
				"rolePositionId": 28,
				"resourcePositionId": null,
				"recuritmentStatusNm": null,
				"employeeId": null,
				"employeeFullName": null,
				"roleStartDt": "2020-03-26",
				"roleEndDt": "2020-03-31",
				"contractEndDate": null,
				"ecTerminationDate": null,
				"employmentCategory": "Employee(M)",
				"employmentSubCategory": "Salarised (Ms)",
				"countryNm": "United Kingdom",
				"locationNm": "londan",
				"highCostFlg": true,
				"justificationForHighCostRoleNm": "Technology Leadership Proximity",
				"buildingDsc": null,
				"buildingCd": null,
				"bf3LevelNm": "Corporate Function IT",
				"bf4LevelNm": "CF Marketing & comm IT",
				"bf5LevelNm": "CF Marketing & comm IT",
				"ccNm": "CF IT Marketing & comm IT",
				"leCd": "HBEUGBR",
				"hireTypeNm": "Incremental",
				"roleActionPlanNm": "Retain Role",
				"outcomeForIndividualNm": null,
				"managementTeamMemberId": null,
				"managementTeamMemberNm": null,
				"functionalManagerId": 0,
				"entityManagerNm": null,
				"vendorCategoryNm": null,
				"vendorNm": "synechron",
				"contractTypeNm": null,
				"maxDayRateNbr": 0.0,
				"skillDsc": null,
				"jobFamilyNm": null,
				"jobSubFamilyNm": null,
				"jobCategoryNm": null,
				"gradeId": null,
				"equivalentGradeId": null,
				"positionTitleTxt": null,
				"globalJobCd": null,
				"equivalentGlobalJobCd": null,
				"activeRoleFlag": null,
				"renewalFlag": null,
				"approvalChannelNm": null,
				"itcmApprovelRejectReasonNm": null,
				"itcmRemarksTxt": null
			},
			{
				"ctoolId": 103778500,
				"approvalStatusNm": "Draft",
				"pendingWithUserGroupNm": null,
				"rolePositionId": 28,
				"resourcePositionId": null,
				"recuritmentStatusNm": null,
				"employeeId": null,
				"employeeFullName": null,
				"roleStartDt": "2020-03-26",
				"roleEndDt": "2020-03-31",
				"contractEndDate": null,
				"ecTerminationDate": null,
				"employmentCategory": "Employee(M)",
				"employmentSubCategory": "Salarised (Ms)",
				"countryNm": "United Kingdom",
				"locationNm": "londan",
				"highCostFlg": true,
				"justificationForHighCostRoleNm": "Technology Leadership Proximity",
				"buildingDsc": null,
				"buildingCd": null,
				"bf3LevelNm": "Corporate Function IT",
				"bf4LevelNm": "CF Marketing & comm IT",
				"bf5LevelNm": "CF Marketing & comm IT",
				"ccNm": "CF IT Marketing & comm IT",
				"leCd": "HBEUGBR",
				"hireTypeNm": "Incremental",
				"roleActionPlanNm": "Retain Role",
				"outcomeForIndividualNm": null,
				"managementTeamMemberId": null,
				"managementTeamMemberNm": null,
				"functionalManagerId": 0,
				"entityManagerNm": null,
				"vendorCategoryNm": null,
				"vendorNm": "synechron",
				"contractTypeNm": null,
				"maxDayRateNbr": 0.0,
				"skillDsc": null,
				"jobFamilyNm": null,
				"jobSubFamilyNm": null,
				"jobCategoryNm": null,
				"gradeId": null,
				"equivalentGradeId": null,
				"positionTitleTxt": null,
				"globalJobCd": null,
				"equivalentGlobalJobCd": null,
				"activeRoleFlag": null,
				"renewalFlag": null,
				"approvalChannelNm": null,
				"itcmApprovelRejectReasonNm": null,
				"itcmRemarksTxt": null
			},
			{
				"ctoolId": 103778500,
				"approvalStatusNm": "Draft",
				"pendingWithUserGroupNm": null,
				"rolePositionId": 28,
				"resourcePositionId": null,
				"recuritmentStatusNm": null,
				"employeeId": null,
				"employeeFullName": null,
				"roleStartDt": "2020-03-26",
				"roleEndDt": "2020-03-31",
				"contractEndDate": null,
				"ecTerminationDate": null,
				"employmentCategory": "Employee(M)",
				"employmentSubCategory": "Salarised (Ms)",
				"countryNm": "United Kingdom",
				"locationNm": "londan",
				"highCostFlg": true,
				"justificationForHighCostRoleNm": "Technology Leadership Proximity",
				"buildingDsc": null,
				"buildingCd": null,
				"bf3LevelNm": "Corporate Function IT",
				"bf4LevelNm": "CF Marketing & comm IT",
				"bf5LevelNm": "CF Marketing & comm IT",
				"ccNm": "CF IT Marketing & comm IT",
				"leCd": "HBEUGBR",
				"hireTypeNm": "Incremental",
				"roleActionPlanNm": "Retain Role",
				"outcomeForIndividualNm": null,
				"managementTeamMemberId": null,
				"managementTeamMemberNm": null,
				"functionalManagerId": 0,
				"entityManagerNm": null,
				"vendorCategoryNm": null,
				"vendorNm": "synechron",
				"contractTypeNm": null,
				"maxDayRateNbr": 0.0,
				"skillDsc": null,
				"jobFamilyNm": null,
				"jobSubFamilyNm": null,
				"jobCategoryNm": null,
				"gradeId": null,
				"equivalentGradeId": null,
				"positionTitleTxt": null,
				"globalJobCd": null,
				"equivalentGlobalJobCd": null,
				"activeRoleFlag": null,
				"renewalFlag": null,
				"approvalChannelNm": null,
				"itcmApprovelRejectReasonNm": null,
				"itcmRemarksTxt": null
			},
			{
				"ctoolId": 103778500,
				"approvalStatusNm": "Draft",
				"pendingWithUserGroupNm": null,
				"rolePositionId": 28,
				"resourcePositionId": null,
				"recuritmentStatusNm": null,
				"employeeId": null,
				"employeeFullName": null,
				"roleStartDt": "2020-03-26",
				"roleEndDt": "2020-03-31",
				"contractEndDate": null,
				"ecTerminationDate": null,
				"employmentCategory": "Employee(M)",
				"employmentSubCategory": "Salarised (Ms)",
				"countryNm": "United Kingdom",
				"locationNm": "londan",
				"highCostFlg": true,
				"justificationForHighCostRoleNm": "Technology Leadership Proximity",
				"buildingDsc": null,
				"buildingCd": null,
				"bf3LevelNm": "Corporate Function IT",
				"bf4LevelNm": "CF Marketing & comm IT",
				"bf5LevelNm": "CF Marketing & comm IT",
				"ccNm": "CF IT Marketing & comm IT",
				"leCd": "HBEUGBR",
				"hireTypeNm": "Incremental",
				"roleActionPlanNm": "Retain Role",
				"outcomeForIndividualNm": null,
				"managementTeamMemberId": null,
				"managementTeamMemberNm": null,
				"functionalManagerId": 0,
				"entityManagerNm": null,
				"vendorCategoryNm": null,
				"vendorNm": "synechron",
				"contractTypeNm": null,
				"maxDayRateNbr": 0.0,
				"skillDsc": null,
				"jobFamilyNm": null,
				"jobSubFamilyNm": null,
				"jobCategoryNm": null,
				"gradeId": null,
				"equivalentGradeId": null,
				"positionTitleTxt": null,
				"globalJobCd": null,
				"equivalentGlobalJobCd": null,
				"activeRoleFlag": null,
				"renewalFlag": null,
				"approvalChannelNm": null,
				"itcmApprovelRejectReasonNm": null,
				"itcmRemarksTxt": null
			},
			{
				"ctoolId": 103778500,
				"approvalStatusNm": "Draft",
				"pendingWithUserGroupNm": null,
				"rolePositionId": 28,
				"resourcePositionId": null,
				"recuritmentStatusNm": null,
				"employeeId": null,
				"employeeFullName": null,
				"roleStartDt": "2020-03-26",
				"roleEndDt": "2020-03-31",
				"contractEndDate": null,
				"ecTerminationDate": null,
				"employmentCategory": "Employee(M)",
				"employmentSubCategory": "Salarised (Ms)",
				"countryNm": "United Kingdom",
				"locationNm": "londan",
				"highCostFlg": true,
				"justificationForHighCostRoleNm": "Technology Leadership Proximity",
				"buildingDsc": null,
				"buildingCd": null,
				"bf3LevelNm": "Corporate Function IT",
				"bf4LevelNm": "CF Marketing & comm IT",
				"bf5LevelNm": "CF Marketing & comm IT",
				"ccNm": "CF IT Marketing & comm IT",
				"leCd": "HBEUGBR",
				"hireTypeNm": "Incremental",
				"roleActionPlanNm": "Retain Role",
				"outcomeForIndividualNm": null,
				"managementTeamMemberId": null,
				"managementTeamMemberNm": null,
				"functionalManagerId": 0,
				"entityManagerNm": null,
				"vendorCategoryNm": null,
				"vendorNm": "synechron",
				"contractTypeNm": null,
				"maxDayRateNbr": 0.0,
				"skillDsc": null,
				"jobFamilyNm": null,
				"jobSubFamilyNm": null,
				"jobCategoryNm": null,
				"gradeId": null,
				"equivalentGradeId": null,
				"positionTitleTxt": null,
				"globalJobCd": null,
				"equivalentGlobalJobCd": null,
				"activeRoleFlag": null,
				"renewalFlag": null,
				"approvalChannelNm": null,
				"itcmApprovelRejectReasonNm": null,
				"itcmRemarksTxt": null
			},
			{
				"ctoolId": 103778500,
				"approvalStatusNm": "Draft",
				"pendingWithUserGroupNm": null,
				"rolePositionId": 28,
				"resourcePositionId": null,
				"recuritmentStatusNm": null,
				"employeeId": null,
				"employeeFullName": null,
				"roleStartDt": "2020-03-26",
				"roleEndDt": "2020-03-31",
				"contractEndDate": null,
				"ecTerminationDate": null,
				"employmentCategory": "Employee(M)",
				"employmentSubCategory": "Salarised (Ms)",
				"countryNm": "United Kingdom",
				"locationNm": "londan",
				"highCostFlg": true,
				"justificationForHighCostRoleNm": "Technology Leadership Proximity",
				"buildingDsc": null,
				"buildingCd": null,
				"bf3LevelNm": "Corporate Function IT",
				"bf4LevelNm": "CF Marketing & comm IT",
				"bf5LevelNm": "CF Marketing & comm IT",
				"ccNm": "CF IT Marketing & comm IT",
				"leCd": "HBEUGBR",
				"hireTypeNm": "Incremental",
				"roleActionPlanNm": "Retain Role",
				"outcomeForIndividualNm": null,
				"managementTeamMemberId": null,
				"managementTeamMemberNm": null,
				"functionalManagerId": 0,
				"entityManagerNm": null,
				"vendorCategoryNm": null,
				"vendorNm": "synechron",
				"contractTypeNm": null,
				"maxDayRateNbr": 0.0,
				"skillDsc": null,
				"jobFamilyNm": null,
				"jobSubFamilyNm": null,
				"jobCategoryNm": null,
				"gradeId": null,
				"equivalentGradeId": null,
				"positionTitleTxt": null,
				"globalJobCd": null,
				"equivalentGlobalJobCd": null,
				"activeRoleFlag": null,
				"renewalFlag": null,
				"approvalChannelNm": null,
				"itcmApprovelRejectReasonNm": null,
				"itcmRemarksTxt": null
			},
			{
				"ctoolId": 103778500,
				"approvalStatusNm": "Draft",
				"pendingWithUserGroupNm": null,
				"rolePositionId": 28,
				"resourcePositionId": null,
				"recuritmentStatusNm": null,
				"employeeId": null,
				"employeeFullName": null,
				"roleStartDt": "2020-03-26",
				"roleEndDt": "2020-03-31",
				"contractEndDate": null,
				"ecTerminationDate": null,
				"employmentCategory": "Employee(M)",
				"employmentSubCategory": "Salarised (Ms)",
				"countryNm": "United Kingdom",
				"locationNm": "londan",
				"highCostFlg": true,
				"justificationForHighCostRoleNm": "Technology Leadership Proximity",
				"buildingDsc": null,
				"buildingCd": null,
				"bf3LevelNm": "Corporate Function IT",
				"bf4LevelNm": "CF Marketing & comm IT",
				"bf5LevelNm": "CF Marketing & comm IT",
				"ccNm": "CF IT Marketing & comm IT",
				"leCd": "HBEUGBR",
				"hireTypeNm": "Incremental",
				"roleActionPlanNm": "Retain Role",
				"outcomeForIndividualNm": null,
				"managementTeamMemberId": null,
				"managementTeamMemberNm": null,
				"functionalManagerId": 0,
				"entityManagerNm": null,
				"vendorCategoryNm": null,
				"vendorNm": "synechron",
				"contractTypeNm": null,
				"maxDayRateNbr": 0.0,
				"skillDsc": null,
				"jobFamilyNm": null,
				"jobSubFamilyNm": null,
				"jobCategoryNm": null,
				"gradeId": null,
				"equivalentGradeId": null,
				"positionTitleTxt": null,
				"globalJobCd": null,
				"equivalentGlobalJobCd": null,
				"activeRoleFlag": null,
				"renewalFlag": null,
				"approvalChannelNm": null,
				"itcmApprovelRejectReasonNm": null,
				"itcmRemarksTxt": null
			},
			{
				"ctoolId": 103778500,
				"approvalStatusNm": "Draft",
				"pendingWithUserGroupNm": null,
				"rolePositionId": 28,
				"resourcePositionId": null,
				"recuritmentStatusNm": null,
				"employeeId": null,
				"employeeFullName": null,
				"roleStartDt": "2020-03-26",
				"roleEndDt": "2020-03-31",
				"contractEndDate": null,
				"ecTerminationDate": null,
				"employmentCategory": "Employee(M)",
				"employmentSubCategory": "Salarised (Ms)",
				"countryNm": "United Kingdom",
				"locationNm": "londan",
				"highCostFlg": true,
				"justificationForHighCostRoleNm": "Technology Leadership Proximity",
				"buildingDsc": null,
				"buildingCd": null,
				"bf3LevelNm": "Corporate Function IT",
				"bf4LevelNm": "CF Marketing & comm IT",
				"bf5LevelNm": "CF Marketing & comm IT",
				"ccNm": "CF IT Marketing & comm IT",
				"leCd": "HBEUGBR",
				"hireTypeNm": "Incremental",
				"roleActionPlanNm": "Retain Role",
				"outcomeForIndividualNm": null,
				"managementTeamMemberId": null,
				"managementTeamMemberNm": null,
				"functionalManagerId": 0,
				"entityManagerNm": null,
				"vendorCategoryNm": null,
				"vendorNm": "synechron",
				"contractTypeNm": null,
				"maxDayRateNbr": 0.0,
				"skillDsc": null,
				"jobFamilyNm": null,
				"jobSubFamilyNm": null,
				"jobCategoryNm": null,
				"gradeId": null,
				"equivalentGradeId": null,
				"positionTitleTxt": null,
				"globalJobCd": null,
				"equivalentGlobalJobCd": null,
				"activeRoleFlag": null,
				"renewalFlag": null,
				"approvalChannelNm": null,
				"itcmApprovelRejectReasonNm": null,
				"itcmRemarksTxt": null
			},
			{
				"ctoolId": 103778500,
				"approvalStatusNm": "Draft",
				"pendingWithUserGroupNm": null,
				"rolePositionId": 28,
				"resourcePositionId": null,
				"recuritmentStatusNm": null,
				"employeeId": null,
				"employeeFullName": null,
				"roleStartDt": "2020-03-26",
				"roleEndDt": "2020-03-31",
				"contractEndDate": null,
				"ecTerminationDate": null,
				"employmentCategory": "Employee(M)",
				"employmentSubCategory": "Salarised (Ms)",
				"countryNm": "United Kingdom",
				"locationNm": "londan",
				"highCostFlg": true,
				"justificationForHighCostRoleNm": "Technology Leadership Proximity",
				"buildingDsc": null,
				"buildingCd": null,
				"bf3LevelNm": "Corporate Function IT",
				"bf4LevelNm": "CF Marketing & comm IT",
				"bf5LevelNm": "CF Marketing & comm IT",
				"ccNm": "CF IT Marketing & comm IT",
				"leCd": "HBEUGBR",
				"hireTypeNm": "Incremental",
				"roleActionPlanNm": "Retain Role",
				"outcomeForIndividualNm": null,
				"managementTeamMemberId": null,
				"managementTeamMemberNm": null,
				"functionalManagerId": 0,
				"entityManagerNm": null,
				"vendorCategoryNm": null,
				"vendorNm": "synechron",
				"contractTypeNm": null,
				"maxDayRateNbr": 0.0,
				"skillDsc": null,
				"jobFamilyNm": null,
				"jobSubFamilyNm": null,
				"jobCategoryNm": null,
				"gradeId": null,
				"equivalentGradeId": null,
				"positionTitleTxt": null,
				"globalJobCd": null,
				"equivalentGlobalJobCd": null,
				"activeRoleFlag": null,
				"renewalFlag": null,
				"approvalChannelNm": null,
				"itcmApprovelRejectReasonNm": null,
				"itcmRemarksTxt": null
			}
		]
	}
}